{
    "interval": "5",
    "img": [
        {
            "handler": {},
            "href": "",
            "id": "050201_01",
            "imgsrc": "../../advertisement/image/seriesslide/050001_01.jpg",
            "title": "Serie2AdSlide_01"
        },
        {
            "handler": {},
            "href": "",
            "id": "050201_02",
            "imgsrc": "../../advertisement/image/seriesslide/050001_02.jpg",
            "title": "Serie2AdSlide_02"
        },
        {
            "handler": {},
            "href": "",
            "id": "050201_03",
            "imgsrc": "../../advertisement/image/seriesslide/050001_03.jpg",
            "title": "Serie2AdSlide_03"
        },
        {
            "handler": {},
            "href": "",
            "id": "050201_04",
            "imgsrc": "../../advertisement/image/seriesslide/050001_04.jpg",
            "title": "Serie2AdSlide_04"
        }
    ]
}