{
    "interval": "5",
    "img": [
        {
            "handler": {},
            "href": "",
            "id": "050401_01",
            "imgsrc": "../../advertisement/image/seriesslide/050001_01.jpg",
            "title": "Serie4AdSlide_01"
        },
        {
            "handler": {},
            "href": "",
            "id": "050401_02",
            "imgsrc": "../../advertisement/image/seriesslide/050001_02.jpg",
            "title": "Serie4AdSlide_02"
        },
        {
            "handler": {},
            "href": "",
            "id": "050401_03",
            "imgsrc": "../../advertisement/image/seriesslide/050001_03.jpg",
            "title": "Serie4AdSlide_03"
        },
        {
            "handler": {},
            "href": "",
            "id": "050401_04",
            "imgsrc": "../../advertisement/image/seriesslide/050001_04.jpg",
            "title": "Serie4AdSlide_04"
        }
    ]
}