{
    "interval": "5",
    "img": [
        {
            "handler": {},
            "href": "",
            "id": "050501_01",
            "imgsrc": "../../advertisement/image/seriesslide/050001_01.jpg",
            "title": "Serie5AdSlide_01"
        },
        {
            "handler": {},
            "href": "",
            "id": "050501_02",
            "imgsrc": "../../advertisement/image/seriesslide/050001_02.jpg",
            "title": "Serie5AdSlide_02"
        },
        {
            "handler": {},
            "href": "",
            "id": "050501_03",
            "imgsrc": "../../advertisement/image/seriesslide/050001_03.jpg",
            "title": "Serie5AdSlide_03"
        },
        {
            "handler": {},
            "href": "",
            "id": "050501_04",
            "imgsrc": "../../advertisement/image/seriesslide/050001_04.jpg",
            "title": "Serie5AdSlide_04"
        }
    ]
}