{
    "interval": "5",
    "img": [
        {
            "handler": {},
            "href": "",
            "id": "050601_01",
            "imgsrc": "../../advertisement/image/seriesslide/050001_01.jpg",
            "title": "Serie6AdSlide_01"
        },
        {
            "handler": {},
            "href": "",
            "id": "050601_02",
            "imgsrc": "../../advertisement/image/seriesslide/050001_02.jpg",
            "title": "Serie6AdSlide_02"
        },
        {
            "handler": {},
            "href": "",
            "id": "050601_03",
            "imgsrc": "../../advertisement/image/seriesslide/050001_03.jpg",
            "title": "Serie6AdSlide_03"
        },
        {
            "handler": {},
            "href": "",
            "id": "050601_04",
            "imgsrc": "../../advertisement/image/seriesslide/050001_04.jpg",
            "title": "Serie6AdSlide_04"
        }
    ]
}