{
    "interval": "5",
    "img": [
        {
            "handler": {},
            "href": "",
            "id": "070001_01",
            "imgsrc": "../../advertisement/image/othersslide/070001_001.jpg",
            "title": "OthersAdSlide_01"
        },
        {
            "handler": {},
            "href": "",
            "id": "070001_02",
            "imgsrc": "../../advertisement/image/othersslide/070001_002.jpg",
            "title": "OthersAdSlide_02"
        },
        {
            "handler": {},
            "href": "",
            "id": "070001_03",
            "imgsrc": "../../advertisement/image/othersslide/070001_003.jpg",
            "title": "OthersAdSlide_03"
        },
        {
            "handler": {},
            "href": "",
            "id": "070001_04",
            "imgsrc": "../../advertisement/image/othersslide/070001_004.jpg",
            "title": "OthersAdSlide_04"
        }
    ]
}